ID,Name,numero,dni,departamento,region,codigo,hora,semana,imagen,hora1
51938640642_1,Jordan White,51938640642,73419775,tacna,SUR,R9ZA8RUMZB,2024-06-14T12:38:15.000000Z,2,http://34.125.11.181:8000/images/51988583623_5.jpg,2024-06-14 12:38:15
51946725897_1,Daniel Oliver,51946725897,23927226,junin,CENTRO,7Z8VAE6YD3,2024-06-11T15:07:07.000000Z,2,http://34.125.11.181:8000/images/51988583623_5.jpg,2024-06-11 15:07:07
51901045684_1,Joseph Ayala,51901045684,47112296,ancash,CENTRO,XMKBCKQSRB,2024-06-07T21:29:40.000000Z,1,http://34.125.11.181:8000/images/51988583623_5.jpg,2024-06-07 21:29:40
51922610408_1,Kevin Lee,51922610408,82317306,cuzco,SUR,TZ2GV3UFS2,2024-06-14T19:30:42.000000Z,2,http://34.125.11.181:8000/images/51988583623_5.jpg,2024-06-14 19:30:42
51956926052_1,Christopher Sullivan,51956926052,64505896,lima,LIMA,WRCBFGDSES,2024-06-14T02:23:50.000000Z,2,http://34.125.11.181:8000/images/51988583623_5.jpg,2024-06-14 02:23:50
51913377668_1,Eric Moss,51913377668,7311133,ayacucho,SUR,B16RR6KRRG,2024-06-13T01:56:41.000000Z,2,http://34.125.11.181:8000/images/51988583623_5.jpg,2024-06-13 01:56:41
51929919001_1,Kari Hooper,51929919001,83375064,la libertad,NORTE,H6UVM7ZDDW,2024-06-17T05:29:13.000000Z,3,http://34.125.11.181:8000/images/51988583623_5.jpg,2024-06-17 05:29:13
51997747856_1,Allison Mcdonald,51997747856,17547697,lima,LIMA,GQ7Q4KEH5D,2024-06-07T14:35:38.000000Z,1,http://34.125.11.181:8000/images/51988583623_5.jpg,2024-06-07 14:35:38
51914492187_1,George Lamb,51914492187,73135212,cuzco,SUR,FPUD98R6UP,2024-06-15T09:26:27.000000Z,2,http://34.125.11.181:8000/images/51988583623_5.jpg,2024-06-15 09:26:27
51939985275_1,Christopher Stout,51939985275,2749721,lima,LIMA,T89ZKYT3UJ,2024-06-08T11:37:16.000000Z,1,http://34.125.11.181:8000/images/51988583623_5.jpg,2024-06-08 11:37:16
